water company in Piper City, Ford, IL, US
set()
water company in Syracuse, Meigs, OH, US
{'Leading Creek Conservancy', 'Tuppers Plains-Chester Water', 'Pomeroy Water Department Office'}
water company in Plumerville, Conway, AR, US
{'Conway Corp', 'Beaverfork Water'}
water company in Hungry Horse, Flathead, MT, US
{'City of Polson Water & Sewer Dept.', 'Lakeside County Water & Sewer', 'Evergreen Water District'}
water company in East Barre, Washington, VT, US
{'Hibbert & McGee', 'Barre City Water Services', 'Mobile Mini - Portable Storage & Offices'}
water company in Copperton, Salt Lake, UT, US
{'West Jordan Water & Sewer Division', 'Elmwood Water Users Association', 'Copperton Improvement District'}
water company in Mamers, Harnett, NC, US
{'South Harnett Waste Water Treatment Plant', 'Harnett County Department of Public Utilities', 'Harnett County Department Of Utilities'}
water company in Lake Camelot, Adams, WI, US
{'Kenosha Water Utility', 'Madison Water Utility', 'Green Bay City Water Utility'}
water company in Morgantown, Berks, PA, US
{'Reading Area Water Authority', 'P A American Water Co', 'Muhlenberg Twp Authority'}
water company in Eldred, McKean, PA, US
{'Philadelphia Water Department', 'Pennsylvania American Water Co'}
water company in Blanchardville, Lafayette, WI, US
{'Kenosha Water Utility', 'Madison Water Utility', 'Green Bay City Water Utility'}
water company in West Union, Doddridge, WV, US
{'Water Treatment Plant', 'Salem Water Department', 'Shortline Public Services District'}
water company in Catheys Valley, Mariposa, CA, US
{'Mariposa Public Utility District', 'Bob Gowdy Water Systems', 'Ponderosa Basin Mutual Water'}
water company in Drayton, Pembina, ND, US
{'Pembina City Water Department', 'Pembina County Water Resource'}
water company in Benton, Columbia, PA, US
{'Philadelphia Water Department', 'Pennsylvania American Water Co'}
water company in Lamberton, Redwood, MN, US
{'Meadowland Farmers Co-Op', 'Red Rock Rural Water System'}
water company in Grand Junction, Greene, IA, US
{'Iowa-American Water Company', 'Marion Water Department', 'Iowa-American Water Co'}
water company in Ashland, Rosebud, MT, US
{'Butte-Silver Bow Water Utility', 'Billings Heights Water District', 'Missoula Water'}
water company in Joaquin, Shelby, TX, US
{'Huber Water Supply Corporation', 'Center City Hall', 'Murval Water Supply'}
water company in Fairacres, Dona Ana, NM, US
{'Dona Ana County Utilities Department', 'Doña Ana Mutual Domestic Water'}
water company in Columbus, Warren, PA, US
{'Pa American Water', 'North Warren Municipal Authority', 'Corry Water Department'}
water company in Copake Lake, Columbia, NY, US
{'NY City Department-Water Pollution', 'New York American Water', 'Red Hook Wastewater Treatment Plant'}
water company in Elizabeth, Wirt, WV, US
{'Parkersburg Utility Board', 'Claywood Park Public Service District', 'Mineral Wells Public Services District'}
water company in Eden, Somerset, MD, US
{'WSSC - Equipment Shop', 'Washington Suburban Sanitary Commission'}
water company in Hazleton, Buchanan, IA, US
{'Iowa-American Water Company', 'Marion Water Department', 'Iowa-American Water Co'}
water company in Wedowee, Randolph, AL, US
{'Randolph County Water Company', 'Utilities Shop', 'Wedowee Utilities Board'}
water company in Allenton, Washington, WI, US
{'Veolia Environmental Services', 'Port Washington Water Department'}
water company in Adelino, Valencia, NM, US
{'New Mexico Water Services Co', 'Los Lunas Water Department'}
water company in Harold, Santa Rosa, FL, US
{'Regional Utilities', 'South Walton Utility Co Inc'}
water company in Indianola, Humboldt, CA, US
{'Humboldt Bay Municipal Water', 'Humboldt Community Services District', 'Humboldt Bay Municipal Water District'}
water company in Afton, Chenango, NY, US
{'Beacon Water Equipment Co Inc', 'Dickinson Water Department', 'ServiceMaster By Burch'}
water company in Kreamer, Snyder, PA, US
{'Kreamer Municipal Authority', 'Freeburg Water Authority', 'Kreamer Fire Department'}
water company in Flordell Hills, Saint Louis, MO, US
{'Chain of Rocks Water Treatment Plant', 'Illinois American Water Co', 'City of Flordell Hills'}
water company in Pellston, Emmet, MI, US
{'Michigan American Water Co', 'City of Warren Water Department', 'St Joseph Water Department'}
water company in Middlesex, Nash, NC, US
{'Town of Nashville', 'Rocky Mt Water Department', 'Nash County Public Utilities'}
water company in Blue Ridge, Collin, TX, US
{'Verona Special Utility District', 'Blue Ridge City Hall', 'Frognot Water Supply'}
water company in Garber, Garfield, OK, US
{'Garber Water Department', 'Kay County Rural District 6'}
water company in Nevada, Collin, TX, US
{'Bear Creek Special Utility District', 'Nevada Water Supply Corporation', 'Nevada Special Utility District'}
water company in Meadow Lands, Washington, PA, US
{'Pennsylvania American Water Co', 'Washington-East Washington Joint Authority'}
water company in Island Pond, Essex, VT, US
{'Jericho Village Water District', 'Village of Essex Junction Municipal Offices', 'Public Works Dept'}
water company in Horine, Jefferson, MO, US
{'Water Department', 'Public Water Supply District 12', 'Public Water Supply District'}
water company in Correctionville, Woodbury, IA, US
{'Iowa-American Water Company', 'Marion Water Department', 'Iowa-American Water Co'}
water company in Bertrand, Mississippi, MO, US
{'Water Treatment Plant', 'Sikeston Municipal Utilities', 'Bertrand City Hall'}
water company in Sully, Jasper, IA, US
{'Newton Water Treatment Plant', 'Newton Waterworks', 'Central Iowa Water Association'}
water company in Twin Valley, Norman, MN, US
{'Minneapolis Public Works Water Treatment & Distribution Service', 'St Paul Regional Water Services', 'City of Windom Waste Water Department'}
water company in Blooming Grove, Navarro, TX, US
{'Avalon Water Sewer Corporation Co-Op', 'Blooming Grove City Hall', 'ServiceMaster by Centex'}
water company in Clayton, Pushmataha, OK, US
{'Rural Water Department', 'Rural Water District'}
water company in Komatke, Maricopa, AZ, US
{'Electrical District 3', 'Global Water Resources Inc.', 'Thunderbird Farms Improvement'}
water company in Manns Harbor, Dare, NC, US
{'Dare County Water Department'}
water company in Hoagland, Allen, IN, US
{'North Texas Municipal Water District', 'Allen Utility Billing'}
water company in Interlaken, Monmouth, NJ, US
{'Jersey Central Power & Light', 'Interlaken Boro Office', 'Gallagher Water Conditioning'}
water company in Chocowinity, Beaufort, NC, US
{'Washington Electric Utilities', 'Chocowinity Municipal Building', 'Beaufort County Water District'}
water company in Utica, Hinds, MS, US
{'Hinds County Public Works Department', 'Utica Water Department Superintendent', 'Reedtown Water Association'}
water company in Point, Rains, TX, US
{'Texas Rain Holding Co', 'City-Emory Waste Treatment Center', 'South Rains Special Utility District'}
water company in Leeds, Washington, UT, US
{'Washington Utilities Department', 'St George Energy Department Administration', 'Washington County Water Conservancy District'}
water company in Philipsburg, Granite, MT, US
{'Gem Mountain Philipsburg', 'Philipsburg Brewing Company', 'Philipsburg Brewing Silver Springs Brewery'}
water company in Silkworth, Luzerne, PA, US
{'Pennsylvania American Water Co', 'Suez Dallas PA Location', 'Aqua Pa Water'}
water company in Arlington, Columbia, WI, US
{'Michel Plumbing & Heating', 'Arlington Water Utility', 'Poynette Wastewater Treatment Plant'}
water company in Wall Lake, Sac, IA, US
{'Lake View Utility Department', 'West Central Rural Water'}
water company in Van Buren, Carter, MO, US
{'Missouri American Water', 'Missouri American Water Co', 'Missouri-American Water Co'}
water company in East Sparta, Stark, OH, US
{'Water Department', 'East Sparta Water Plant', 'Marathon Pipe Line'}
water company in Junction City, Perry, OH, US
{'Reeves-Wiedeman Company', 'Veolia Water North America', 'Junction City Manager'}
water company in Hardin, Liberty, TX, US
{'Hardin Water Supply Corporation', 'Liberty Utilities', 'Hardin City Hall'}
water company in Langley, Mayes, OK, US
{'Rural Water District #6', 'Rural Water District', 'Langley Public Works Authority'}
water company in Griggstown, Somerset, NJ, US
set()
water company in Birnamwood, Shawano, WI, US
{'Shawano Municipal Utilities', 'Culligan of Shawano, Inc.', 'Wolf Treatment Plant'}
water company in Ringtown, Schuylkill, PA, US
{'Schuylkill County Municipal', 'Schuylkill County Municipal Authority', 'Blythe Township Water Authority'}
water company in Orleans, Orleans, VT, US
{'Orleans Waste Water Treatment', 'United States Postal Service', 'Kimtek Research'}
water company in Milltown, Crawford, IN, US
{'Crawford County Water Co', 'Ramsey Water Company, Inc.', 'Blue River Regional Water'}
water company in Felicity, Clermont, OH, US
{'Tate-Monroe Water Association Inc', 'Felicity Water Department'}
water company in Paisley, Lake, FL, US
{'Eustis Water Distribution', 'Artesian Water Treatment, Inc', 'Clearwater Lake Recreation'}
water company in Doyline, Webster, LA, US
set()
water company in Forest Hill, Rapides, LA, US
{'Rapides Waterworks District 3', 'Alexandria City Water Department', 'Rapides Island Water Association Inc'}
water company in Sonoita, Santa Cruz, AZ, US
{'Arizona Water Co'}
water company in La Jara, Conejos, CO, US
{'Conejos Water Conservancy District'}
water company in Blair, Jackson, OK, US
{'Altus Water Maintenance', 'Altus Water & Sewer Repair', 'Jackson County Water Co'}
water company in Elmwood, Pierce, WI, US
{'Kenosha Water Utility', 'Madison Water Utility', 'Green Bay City Water Utility'}
water company in Killbuck, Holmes, OH, US
{'Berlin Water Co', 'Waste Water Treatment Plant', 'Killbuck Village Hall'}
water company in Fincastle, Jefferson, KY, US
{'Louisville Water Co Inc', 'Louisville Water Company'}
water company in Jupiter Island, Martin, FL, US
{'South Martin Regional Utility', 'Tequesta Water Department'}
water company in Lake Shore, Utah, UT, US
{'Holliday Water Co', 'Granger-Hunter Improvement', 'White City Water Co'}
water company in White Cone, Navajo, AZ, US
{'Arizona Water Co'}
water company in Coahoma, Howard, TX, US
{'Colorado River Municipal Water District', 'Coahoma City Offices', 'N & H Septic Pumping and Portable Toilets'}
water company in Togiak, Dillingham, AK, US
{'Juneau Water Utilities Division (CBJ)', 'Anchorage Water & Wastewater Utility', 'Golden Heart Utilities'}
water company in Gallipolis Ferry, Mason, WV, US
{'Gallipolis Water Department', 'ICL-IP America Inc', 'Point Pleasant Water Works Office'}
water company in Wonewoc, Juneau, WI, US
{'Union Center Village Utilities', 'Wonewoc Village Disposal Plant', 'Wonewoc Water Utilities'}
water company in Polk, Venango, PA, US
{'Clintonville Borough Sewer', 'Fryburg Water Co', 'Franklin Water Network'}
water company in Quiogue, Suffolk, NY, US
{'Suffolk County Water Authority (SCWA) - Construction Maintenance (CM)', 'New York American Water', 'Suffolk County Water Authority'}
water company in Minatare, Scotts Bluff, NE, US
{'Minatare City Clerk', 'Scottsbluff Billing Utilities', 'Minatare'}
water company in Hamel, Madison, IL, US
{"Suhre's Gas Co.", 'Alhambra Street Department', 'Hamel City Sewer Department'}
water company in Ryan, Jefferson, OK, US
{'Oklahoma City Water Utilities', 'Oklahoma City Water Line Maintenance', 'Oklahoma City Water Department'}
water company in Panacea, Wakulla, FL, US
{'Slmco Pure Water Systems LLC', 'E S G Operations', 'Panacea Area Water System Inc'}
water company in Middlebourne, Tyler, WV, US
{'Sistersville Water Department', "Tyler County Sheriff's Department", 'Middlebourne Water Plant'}
water company in Colcord, Delaware, OK, US
{'Elm Bend Water District Inc', 'Nowata City Water Bills', 'Water Co., Delaware,.Ok.'}
water company in Damascus, Washington, VA, US
{'Virginia American Water Co'}
water company in Inwood, Lyon, IA, US
{"Todd's True Value", 'Oglala Water & Sewer Co', 'Marquette Water Department'}
water company in Algodones, Sandoval, NM, US
{'Placitas Trails Water Co-Op', 'Road Runner Waste Services Inc', 'Bernalillo Water Department'}
water company in Celeste, Hunt, TX, US
{'Caddo Basin Special Utility', 'City Hall & Police Department', 'Hickory Creek Water Supply'}
water company in Davenport, Lincoln, OK, US
{'Lincoln County Rural Water District 2', 'Lincoln County Rural Water District', 'Rural Water & Sewer District'}
water company in Simonton, Fort Bend, TX, US
{'Simonton City Hall', 'Fort Bend Mud 23', 'C.S.W. Creations'}
water company in Hartland, Somerset, ME, US
{'Anson & Madison Water District', 'Maine Water Works Supply Co', 'Kennebec Water District'}
water company in Smithers, Fayette, WV, US
{'Pratt Water Works', 'Kroger', 'West Virginia-American Wtr Co'}
water company in Clarence, Shelby, MO, US
{'PWSD #1 of Shelby County', 'Public Water Supply District'}
water company in Emily, Crow Wing, MN, US
{'Minneapolis Public Works Water Treatment & Distribution Service', 'St Paul Regional Water Services', 'City of Windom Waste Water Department'}
water company in Meriden, Jefferson, KS, US
{'Independence Sanitation Department', 'Rural Water District 2', 'Consolidated RWD'}
water company in Mount Hope, Sedgwick, KS, US
{'Wichita Sewer Department', 'Kansas City Water Services Department', 'KC Water Services'}
water company in Belle Center, Logan, OH, US
{'Cleveland Water', 'Baldwin Water Works Plant', 'Aqua Ohio Inc'}
water company in Campbellsburg, Henry, KY, US
{'Kentucky American Water', 'Louisville Water Company', 'Northern Kentucky Water District #1'}
water company in Norris, Pickens, SC, US
{'Pickens Water Department', 'Six Mile Rural Water District', 'Easley Central Water District'}
water company in Eastover, Richland, SC, US
{'Columbia Water Department', 'Ni America', 'Richland County Utilities Department'}
water company in Haileyville, Pittsburg, OK, US
{'Haileyville City Hall', 'Blue Valley Water Co', 'Adamson Rural Water District 8'}
water company in Mountain Village, Wade Hampton, AK, US
{'Juneau Water Utilities Division (CBJ)', 'Anchorage Water & Wastewater Utility', 'Golden Heart Utilities'}
water company in Peggs, Cherokee, OK, US
{'Oklahoma City Water Utilities', 'Oklahoma City Water Line Maintenance', 'Oklahoma City Water Department'}
water company in Pine Valley, Chemung, NY, US
{'Big Flats Water Department', 'Horseheads Water Works Department', 'Dandy Mini Mart'}
water company in Hatfield, Spencer, IN, US
set()
water company in Blue Ridge Shores, Louisa, VA, US
{'Virginia American Water Co'}
water company in Roscoe, Washington, PA, US
{'Pennsylvania American Water Co', 'Washington-East Washington Joint Authority'}
water company in Carson, Pottawattamie, IA, US
{'Oakland Water Department', 'Council Bluffs Water Works'}
water company in Earlville, Delaware, IA, US
{'Delaware County Water & Sani', 'Manchester Water Department'}
water company in Wellington, Lafayette, MO, US
{'Lafayette County Water District', 'Water Plant', 'AmeriGas'}
water company in East Galesburg, Knox, IL, US
{'Galesburg Water Billing', 'Galesburg Water Maintenance', 'East Galesburg City Hall'}
water company in Hackett, Sebastian, AR, US
{'Pocola Water Department', 'Sebastian Lake Water Sewe', 'Leflore Rural Water District 2'}
water company in Morse, Acadia, LA, US
{'Jennings Water Revenue Office', 'Louisiana Water Co', 'Jennings Water Works'}
water company in Josephine, Collin, TX, US
{'Nevada Water Supply Corporation', 'Nevada Special Utility District', 'Josephine City Hall'}
water company in Agua Dulce, Nueces, TX, US
{'Nueces County Water Control', 'Nueces County Wcid 3', 'Nueces Water Supply Corporation'}
water company in Superior, Mineral, MT, US
{'Mineral County Environmental', 'Northwestern Energy LLC'}
water company in Hon-Dah, Navajo, AZ, US
{'Arizona Water Co'}
water company in Hegins, Schuylkill, PA, US
{'Hegins Township Water Authority', 'Tower City Boro Authority Water Office'}
water company in Ludlow, Windsor, VT, US
{'Ludlow Electric Department', 'Ludlow Treatment Plant'}
water company in Triadelphia, Ohio, WV, US
{'Wheeling Water Department Contract', 'Ohio County Public Service District'}
water company in Woodhull, Henry, IL, US
set()
water company in White Plains, Calhoun, AL, US
{'Calhoun County Water Office', 'White Plains High School', 'White Plains'}
water company in Titusville, Dutchess, NY, US
{'Poughkeepsie Water Department', 'Dutchess Co Water & Wastewater', 'Poughkeepsie Water Maintenance'}
water company in Cluster Springs, Halifax, VA, US
{'Virginia American Water Co'}
water company in Sewickley Heights, Allegheny, PA, US
{'Edgeworth Water Authority', 'Sewickley Water Authority', 'Sewickley Boro Water Authority'}
water company in Matinecock, Nassau, NY, US
{'Locust Valley Water District', 'Oyster Bay Water District', 'Glen Cove Water Department'}
water company in Mounds, Pulaski, IL, US
{'Illinois-American Water Co', 'Mounds Water Department', 'Southwater Inc'}
water company in Ogden, Champaign, IL, US
set()
water company in Lewisburg, Logan, KY, US
{'East Logan Water District', 'Lewisburg Water Plant', 'North Logan Water District'}
water company in Poplar, Roosevelt, MT, US
{'Butte-Silver Bow Water Utility', 'Billings Heights Water District', 'Missoula Water'}
water company in Pine Harbor, Marion, TX, US
{'Aqua Texas', 'Fort Worth Water Department', 'El Paso Water Utilities'}
water company in Oklahoma, Westmoreland, PA, US
{'Municipal Authority of Westmoreland County', 'Culligan Water Conditioning', 'Kiski Valley Water Pollution Control Authority'}
water company in Star Lake, Saint Lawrence, NY, US
{'NY City Department-Water Pollution', 'New York American Water', 'Red Hook Wastewater Treatment Plant'}
water company in Riceboro, Liberty, GA, US
{'South Georgia Water Services', 'Riceboro City Office', 'SNF Holding Company'}
water company in Brantley, Crenshaw, AL, US
{'Montgomery Water Works and Sanitary Sewer Board', 'SouthWest Water Company', 'Birmingham Water Works'}
water company in Woodland, Northampton, NC, US
{'Northampton County Public Work', 'Northampton County Social Services', 'Halifax County Water Department Distribution Center'}
water company in McCammon, Bannock, ID, US
{'McCammon City Office', 'Pocatello Utility Billing Department', 'Nazko Manufacturing & Distributing'}
water company in Footville, Rock, WI, US
{'Janesville Water Utility', 'Janesville Water Department', 'Akey Manufacturing, Inc.'}
water company in Readlyn, Bremer, IA, US
{'Iowa-American Water Company', 'Marion Water Department', 'Iowa-American Water Co'}
water company in Long Grove, Scott, IA, US
{'Iowa-American Water Company', 'Park View Water & Sanitary', 'Eldridge City Hall'}
water company in Borden, Clark, IN, US
set()
water company in Elkton, Huron, MI, US
{'Port Huron Sewer Utilities', 'Port Huron Water Treatment', 'Port Huron Water Billing'}
water company in Tohatchi, McKinley, NM, US
{'Water Utility Authority', 'Albuquerque Wastewater Utility', 'Albuquerque Water Utility Authority'}
water company in Harlem, Blaine, MT, US
{'Chinook Wastewater Treatment', 'Havre Water Department', 'Prairie Mountain Utilities'}
water company in Wallowa, Wallowa, OR, US
{'Kni-co Mfg., Inc.', 'Creighton Ditch Inc'}
water company in El Rito, Rio Arriba, NM, US
{'Water Utility Authority', 'Albuquerque Wastewater Utility', 'Albuquerque Water Utility Authority'}
water company in West Pittsburg, Lawrence, PA, US
{'Pennsylvania American Water Co', 'Covanta Environmental Solutions - New Castle'}
water company in Calvert Beach, Calvert, MD, US
{'WSSC - Equipment Shop', 'Washington Suburban Sanitary Commission'}
water company in Glen Ullin, Morton, ND, US
{'Williston Water Billing', 'Minot City Water Utility', 'Water Department'}
water company in Montreal, Iron, WI, US
{'Ironwood City Water & Sewer', 'Iron County Land and Water Conservation Department'}
water company in Alcester, Union, SD, US
set()
water company in Okoboji, Dickinson, IA, US
{'Okoboji City Hall', 'Okoboji Expedition Co', 'Central Water System'}
water company in Rushford Village, Fillmore, MN, US
{'Peterson Maintenance & Utility', 'MiEnergy Cooperative'}
water company in Oxford, Johnson, IA, US
{"Sorensen's Water Conditioning", 'Tiffin Water Department', 'Oxford Water Plant'}
water company in Russellville, Cole, MO, US
{'Water District 2', 'Public Water Supply District No. 1', 'Missouri-American Water Co'}
water company in Faith, Rowan, NC, US
{'Finance Department-Water & Sewerage', 'Salisbury Rowan Utilities', 'Salisbury Sewer & Water Maint'}
water company in Lake View, Dillon, SC, US
{'Trico Water Co', 'Dillon City Code Enforcement'}
water company in Dawson, Navarro, TX, US
{'Community Water Company', 'Corsicana Utilities Department', 'Men Water Supply'}
water company in Howe, LaGrange, IN, US
{"Will's Heating & Air Inc.", 'Lagrange Water Works'}
water company in Siren, Burnett, WI, US
{'Siren Water Utility', 'Frederic Village Administration'}
water company in Garrett, Ellis, TX, US
{'South Ellis County Water Supply', 'Rockett Special Utility District'}
water company in Las Marías, Las Marias, PR, US
{'AUTORIDAD DE ACUEDUCTOS Y ALCANTARILLADOS (AAA)', 'Autoridad Acueductos y Alcantarillados', 'AAA Rio Piedras'}
water company in San Pablo, Dona Ana, NM, US
{'Mesilla Public Works', 'Jornada Water Co', 'Brazito Mutual Domestic Water'}
water company in Mackinaw City, Cheboygan, MI, US
{"Consumers Enery's Straits Power Station", 'Mackinaw City Water Tower', 'St Ignace Water Department'}
water company in Dagsboro, Sussex, DE, US
{'Water Systems Council', 'Middlesex Water Co', 'Roseville Middlesex Water Co'}
water company in Malin, Klamath, OR, US
{'City of Klamath Falls, Oregon', 'Klamath Falls Utilities Department', 'Klamath Water and Power Agency'}
water company in Bovey, Itasca, MN, US
{'Water Department', 'Public Utilities Clerk Office', 'Bovey City Clerks Office'}
water company in Canon, Franklin, GA, US
{'Heard County Water Authority'}
water company in Isleton, Sacramento, CA, US
{'California American Water', 'Fruitridge Vista Water Co', 'Sacramento Suburban Water District'}
water company in Mesita, Cibola, NM, US
{'Water Utility Authority', 'Albuquerque Wastewater Utility', 'Albuquerque Water Utility Authority'}
water company in Potlatch, Latah, ID, US
{'Moscow Water Works', 'Moscow Utility Billing', 'Greenfield Naturals'}
water company in Avella, Washington, PA, US
{'Pennsylvania American Water Co', 'Washington-East Washington Joint Authority'}
water company in Waldron, Shelby, IN, US
set()
water company in Nashville, Brown, IN, US
{'Harpeth Valley Utilities District', 'Metro Water Services'}
water company in Ridgeville, Randolph, IN, US
set()
water company in Hemingford, Box Butte, NE, US
{'Ogallala Water Department', 'Norfolk Water Billing', 'Lincoln Water System'}
water company in Byrdstown, Pickett, TN, US
{'albany city hall-water department', 'Byrdstown Town Hall', 'Chanute Pall Mall Utility'}
water company in Tioga, Grayson, TX, US
{'South Grayson Water Supply Co', 'Utility Billing', 'Northwest Water District'}
water company in Wrightstown, Burlington, NJ, US
{'Burlington Sewer Collections', 'Burlington Water Works Plant'}
water company in Henning, Otter Tail, MN, US
{'Otter Tail Power Company', 'Otter Tail Hoot Lake Power Plant', 'Otter Tail Power Co'}
water company in Essex, Kankakee, IL, US
{'Godley Public Water District', 'Aqua Illinois', 'Braidwood Generating Station'}
water company in Pleasant Plains, Sangamon, IL, US
{'Springfield Sanitary District', 'Sangamon County Water Reclamation District', 'Curran-Gardner Water District'}
water company in White Lake, Bladen, NC, US
{'Lower Cape Fear Water & Sewer', 'Bladen County Operational Services'}
water company in Hessmer, Avoyelles, LA, US
{'Hessmer Town Hall', 'Hessmer Police Department', 'Ward Three Avoyelles Water'}
water company in Holly, Prowers, CO, US
{'Clear Choice Water Condition', 'Lamar Water Department', 'Holly Water Department'}
water company in Kansas, Delaware, OK, US
{'Kansas Police Department', 'Kansas Water Plant', 'Flint Ridge Rural Water District'}
water company in Howe, Le Flore, OK, US
{'Heavener Water Office', 'Poteau Water Department', 'Howe Water Department RWD #5'}
water company in Cashion, Kingfisher, OK, US
{'Cashion Fire Department', 'Panhandle Eastern Pipe Line Co', 'Cashion City Clerk'}
water company in Sedillo, Bernalillo, NM, US
{'New Mexico Water Services Co', 'Entranosa Water', 'Thunder Mountain Water Co'}
water company in Copenhagen, Lewis, NY, US
{'NY City Department-Water Pollution', 'New York American Water', 'Red Hook Wastewater Treatment Plant'}
water company in Penhook, Franklin, VA, US
{'BLUEWATER RENTALS', 'Franklin City Cemetery', 'Franklin Utilities'}
water company in Hymera, Sullivan, IN, US
{'Sullivan Co. Soil & Water Conservation District', 'Vigo Sullivan Rural Water Corporation', 'Paxton Water Corporation'}
water company in Washingtonville, Columbiana, OH, US
{'Washingtonville Water Plant', 'Village-Columbiana Water Works', 'Leetonia Water Board Office'}
water company in New Holland, Pickaway, OH, US
{'Buckeye Propane & Water Services', 'New Holland Village Office', 'New Holland Water'}
water company in Gurley, Madison, AL, US
{'Gurley City Hall', 'Madison County Water Department', 'Ferrellgas'}
water company in Linn, Hidalgo, TX, US
{'Hidalgo City Water Plant', 'Hidalgo Public Utilities'}
water company in Ballard, Uintah, UT, US
{'Duchesne County Water Conservancy District', 'Water Disposal Inc Ponds', 'Utility Maintenance Shed'}
water company in Mount Crested Butte, Gunnison, CO, US
{'Crested Butte Water Department', 'Mt Crested Butte Water District'}
water company in Cheyenne, Roger Mills, OK, US
{'Oklahoma City Water Utilities', 'Oklahoma City Water Line Maintenance', 'Oklahoma City Water Department'}
water company in Chalfant, Allegheny, PA, US
{'Atomatic Manufacturing Co', 'Wilkinsburg-Penn Joint Water', 'Monroeville Municipal Authority'}
water company in Belfield, Stark, ND, US
{'Belfield City Auditor', 'Waste Recovery Services Inc', 'Southwest Water Authority'}
water company in Fordland, Webster, MO, US
{'St. Louis Water', 'Missouri American Water', 'Webster Groves Public Works'}
water company in Hamlet, LaPorte, IN, US
{'La Porte Wastewater Department', 'La Porte City Clerk', 'La Porte Water Department'}
water company in Springport, Jackson, MI, US
{'Aire-Flo Heating Co.', 'Jackson Water Department', 'Emmons Service Inc'}
water company in McKee, Jackson, KY, US
{'Kentucky American Water', 'Louisville Water Company', 'Northern Kentucky Water District #1'}
water company in La Veta, Huerfano, CO, US
set()
water company in Point Venture, Travis, TX, US
{'Lakeway Municipal Utility', 'Travis County WCID', 'Point Venture Village Office'}
water company in Welcome, Saint James, LA, US
{'Water Treatment Plant', 'St James Parish Utilities', 'Vacherie Water Plant'}
water company in Fifth Ward, Avoyelles, LA, US
{'Fifth Ward Water System', 'Avoyelles Waterworks District', 'Ward Three Avoyelles Water'}
water company in Rose Hill, Lee, VA, US
{'Virginia American Water Co'}
water company in Avon, Fulton, IL, US
{'Fulton City Administration', 'Fulton Waste Water Plant', 'Quality Ready Mix Concrete Co'}
water company in Tranquillity, Fresno, CA, US
{'Fresno Irrigation District', 'Bakman Ranch', 'Westlands Water District'}
water company in Foots Creek, Jackson, OR, US
set()
water company in Stannards, Allegany, NY, US
{'Wellsville Village Water Department', 'Scio Water Department', 'Water Department-Village Wellsville'}
water company in Essex, Page, IA, US
{'Iowa-American Water Company', 'Marion Water Department', 'Iowa-American Water Co'}
water company in Swifton, Jackson, AR, US
{'Mc Crory Water Department', 'Independence - Jackson Regional Water'}
water company in Holly Pond, Cullman, AL, US
{'Cullman County Water Department', 'Cullman Water Department', 'Cullman Water Department Shop'}
water company in Aguila, Maricopa, AZ, US
{'Electrical District 3', 'Global Water Resources Inc.', 'Thunderbird Farms Improvement'}
water company in Tatum, Lea, NM, US
{'Lovington Water Department', 'Tatum Water Department', 'Hobbs Water Department'}
water company in Martinez Lake, Yuma, AZ, US
{'City of Yuma Utilities Administration', 'Far West Water & Sewer Co', 'Yuma Water Treatment Plant'}
water company in Houtzdale, Clearfield, PA, US
{'Philadelphia Water Department', 'Pennsylvania American Water Co'}
water company in Key Colony Beach, Monroe, FL, US
{'Florida Keys Aqueduct Authority', 'Florida Keys Aqueduct Auth', 'Florida Keys Aqueduct Authority (FKAA)'}
water company in West Point, Hardin, KY, US
{'West Point City Hall', 'Hardin County Water District No.1'}
water company in Wagener, Aiken, SC, US
{'Columbia Water Department', 'Charleston Water System'}
water company in Brinnon, Jefferson, WA, US
{'Washington Water Services Co', 'Ledgewood Beach Water District', 'King Water Co'}
water company in Escalante, Garfield, UT, US
{'Water Department', 'Garkane Energy Co-Op Inc', 'Boulder Farmstead Water Corporation'}
water company in East Mountain, Upshur, TX, US
{'Glenwood Water Supply', 'East Mountain City Hall', 'Union Grove Water Supply Corporation'}
water company in Saint Mary of the Woods, Vigo, IN, US
{'Vigo Sullivan Rural Water Corporation', 'West Terre Haute Water Department', 'American Water & Energy Savers - Indiana'}
water company in New Hope, Augusta, VA, US
{'Virginia American Water Co'}
water company in Kinmundy, Marion, IL, US
{'Farina Water Department', 'Northeast Marion County Water', 'Kinmundy Water Department'}
water company in Fountain City, Wayne, IN, US
set()
water company in Arapaho, Custer, OK, US
{'Weatherford Water Billing Office', 'Thomas Water Department', 'Custer County Rural Water'}
water company in Highmore, Hyde, SD, US
set()
water company in Fonda, Montgomery, NY, US
{'NY City Department-Water Pollution', 'New York American Water', 'Red Hook Wastewater Treatment Plant'}
water company in Hurst, Williamson, IL, US
{'Illinois American Water', 'Lakeside Water District', 'Devils Kitchen Water District'}
water company in Baltic, Tuscarawas, OH, US
{'New Philadelphia Water Superintendent', 'Twin City Water & Sewer District', 'Twin City Water Department'}
water company in Gray Court, Laurens, SC, US
{'Laurens county recycling center', 'Town of Gray Court', 'Laurens County Water & Sewer'}
water company in Dugway, Tooele, UT, US
{'Tooele City Shop', 'Erda Acres Water Company, Inc.', 'Tooele City Water Services'}
water company in Annabella, Sevier, UT, US
{'Holliday Water Co', 'Granger-Hunter Improvement', 'White City Water Co'}
water company in Naches, Yakima, WA, US
{'Yakima Tieton Irrigation', 'Nob Hill Water Associates', 'Yakima Water Treatment Plant'}
water company in Mountain View, Kiowa, OK, US
{'Oklahoma City Water Utilities', 'Oklahoma City Water Line Maintenance', 'Oklahoma City Water Department'}
water company in Bucklin, Ford, KS, US
{'Wichita Sewer Department', 'Kansas City Water Services Department', 'KC Water Services'}
water company in Owensville, Clermont, OH, US
{'Clermont County Sewer District', 'Clermont County Water', 'Clermont County Water Administration'}
water company in New Deal, Lubbock, TX, US
{'New Deal City Hall', 'Lubbock Water Treatment Plant', 'Lubbock Wastewater Utilities'}
water company in Pueblitos, Valencia, NM, US
{'New Mexico Water Services Co', 'Los Lunas Water Department', 'New Mexico Waste Water'}
water company in Hide-A-Way Hills, Hocking, OH, US
{'Bremen Utilities Department', 'Lancaster Water Department', 'The Lodge at Hideaway Hills'}
water company in Everson, Fayette, PA, US
{'Bullskin Twp Connellsville Twp', 'Municipal Authority', 'Pleasant Valley Water Authority'}
water company in Orangeville, Stephenson, IL, US
{'Freeport Water Treatment Plant', 'Utilities Inc', 'Water & Sewer Commission, Freeport, IL'}
water company in Braceville, Grundy, IL, US
{'Godley Public Water District', 'Braceville Fire Protection District', 'Braidwood Generating Station'}
water company in Killona, Saint Charles, LA, US
{'Entergy', 'St Charles Water Works Department', 'Waterford 3 Nuclear Generating Station'}
water company in Mooringsport, Caddo, LA, US
{'Oil City Water Works', 'Village of Mooringsport', 'Pinehill Water Works Inc'}
water company in Rosedale, Iberville, LA, US
{'Plaquemine City Utilities', 'Iberville Parish Utility Department', 'Water Works District Number 2'}
water company in White Swan, Yakima, WA, US
{'Yakama Nation Water & Sewer', 'Nob Hill Water Associates'}
water company in Roy, Pierce, WA, US
{'Water Department', 'Mc Kenna Water District', 'Rainier View Water Co.'}
water company in Sterling, Comanche, OK, US
{'Meridian Rural Water System', 'Comanche Water Treatment Plant'}
water company in Darbydale, Franklin, OH, US
{'Guardian Water & Power, Inc.', 'Bexley Water Department', 'City of Columbus - Water, Sewer, and Power'}
water company in Napoleon, Logan, ND, US
{'Williston Water Billing', 'Minot City Water Utility', 'Water Department'}
water company in Belle Terre, Suffolk, NY, US
{'Suffolk County Water Authority (SCWA) - Construction Maintenance (CM)', 'New York American Water', 'Suffolk County Water Authority'}
water company in Milford Center, Union, OH, US
{'Advanced Technology Products', 'Plain City Water Office', 'Marysville Utility Department'}
water company in Millersburg, Bourbon, KY, US
{'Nicholas County Water District', 'Millersburg Water Works Department', 'Carlisle Water Works Plant'}
water company in Dauphin, Dauphin, PA, US
{'Pennsylvania American Water Co', 'Dauphin Boro Office', 'Capital Region Water'}
water company in Pineville, McDonald, MO, US
{'Missouri American Water', 'Missouri American Water Co', 'Missouri-American Water Co'}
water company in Walker, Linn, IA, US
{'Hiawatha Water Department', 'Marion Water Department', 'Cedar Rapids Water Division'}
water company in Browerville, Todd, MN, US
{'Pro Ag Farmers Co-op', 'Todd County Solid Waste'}
water company in Dublin, Wayne, IN, US
{'Cambridge City Water Works', 'Indiana-American Water', 'Indiana American Water'}
water company in Tampico, Whiteside, IL, US
{'Whiteside County Soil and Water Conservation District', 'Illinois-American Water Co'}
water company in Heath Springs, Lancaster, SC, US
{'Town-Heath Springs Clerk', 'American Wax Inc', 'LCWSD'}
water company in Adair, Mayes, OK, US
{'Rural Water District #6', 'Rural Water District No. 5, Mayes County Oklahoma'}
water company in Wells, Cherokee, TX, US
{'Aqua Texas', 'Fort Worth Water Department', 'El Paso Water Utilities'}
water company in Herminie, Westmoreland, PA, US
{'Municipal Sewage Authority of the Township of Sewickley', 'Municipal Authority of Westmoreland County', 'J K Inc'}
water company in Lowden, Cedar, IA, US
{'Lowden Plumbing & Heating', "Olsen's Appliance Hardware", 'Lowden City Hall'}
water company in New Harmony, Posey, IN, US
set()
water company in Lyons, Ionia, MI, US
{'Ionia Public Works Department', 'Ionia Fire Department', 'Culligan Soft Water Service of Ionia, MI'}
water company in Oakman, Walker, AL, US
{'Curry Water Authority', 'Jasper Waterworks & Sewer Brd'}
water company in Round Rock, Apache, AZ, US
{'Arizona Water Co', 'Apache Junction Water'}
water company in Newton, Cache, UT, US
{'Holliday Water Co', 'Granger-Hunter Improvement', 'White City Water Co'}
water company in Thatcher, Box Elder, UT, US
{'Box Elder County Landfill', 'Tremonton Water Department-Maintenance'}
water company in Horseshoe Bend, Parker, TX, US
{'Aqua Texas', 'Fort Worth Water Department', 'El Paso Water Utilities'}
water company in Bradford, Orange, VT, US
{'South Burlington Water Department', 'Shelburne Water Department', 'Burlington Water Division Office'}
water company in Conway, Laclede, MO, US
{'Public Water Rural District', 'Brookfield Water Department', 'Green Hill Recyclers'}
water company in Raymond, Black Hawk, IA, US
{'Iowa-American Water Company', 'Marion Water Department', 'Iowa-American Water Co'}
water company in Kirklin, Clinton, IN, US
{'Fairview Park Water Utility', 'Clinton Water Utility'}
water company in Queen Valley, Pinal, AZ, US
{'Arizona Water Co', 'Johnson Utilities'}
water company in Rock Island, Douglas, WA, US
{'Greater Wenatchee Irrigation District', 'Malaga Water District', 'East Wenatchee Water District'}
water company in Wellston, Lincoln, OK, US
{'Lincoln County Rural Water District 2', "Green's Propane LLC", 'Lincoln County Rural Water #3'}
water company in Adams, Mower, MN, US
{'Waste Water Treatment Plant', 'Austin Wastewater Treatment', 'Austin Utilities'}
water company in Alden, Hardin, IA, US
{'Iowa-American Water Company', 'Marion Water Department', 'Iowa-American Water Co'}
water company in Columbiaville, Lapeer, MI, US
{'Lapeer Water Billing', 'Springsteen Water Conditioning'}
water company in Kansas, Edgar, IL, US
{'Kansas Municipal Water Works', 'Edgar County Housing Authority', 'Ashmore Town Hall'}
water company in Lakeville, Saint Joseph, IN, US
{'Missouri American Water Treatment Facility', 'St Joseph Utility Cut Inspctr'}
water company in Dixon, Webster, KY, US
{'Webster County High School', 'Webster County Water District'}
water company in Gulf Stream, Palm Beach, FL, US
{'Delray Beach Water Maintenance', 'Gulf Stream Police Department', 'Boynton Beach Utilities Department'}
water company in Kirby, Pike, AR, US
{'South Pike County Ar Water', 'North Pike Co Rural Water Association', 'Murfreesboro Water Department'}
water company in Russell, Hampden, MA, US
{'Russell Waste Water Treatment', 'City of Westfield Water Department', 'Huntington Water Department'}
water company in Blackduck, Beltrami, MN, US
{'Beltrami Electric Cooperative, Inc.', 'Bemidji City Utility Billing', 'Beltrami Soil & Water'}
water company in Riceville, Howard, IA, US
{'Iowa-American Water Company', 'Marion Water Department', 'Iowa-American Water Co'}
water company in West Bend, Kossuth, IA, US
{'Whittemore Municipal Water', 'Kossuth County Sanitarian', 'ServiceMaster Of Kossuth County'}
water company in Walnut, Pottawattamie, IA, US
{'Oakland Water Department', 'Council Bluffs Water Works'}
water company in Cairo, Hall, NE, US
{'Ogallala Water Department', 'Norfolk Water Billing', 'Lincoln Water System'}
water company in Ashmore, Coles, IL, US
{'Charleston Water Services Billing', 'Charleston Utilities Department', 'Ashmore Town Hall'}
water company in Webster, Sumter, FL, US
{'Village Center Utilities', 'Wildwood City Water', 'Wildwood Utilities'}
water company in South Coffeyville, Nowata, OK, US
{'Southern Industries Inc', 'Rural Water District', 'SPFoundry'}
water company in Indian Springs, Polk, TX, US
{'Lake Livingston Water Supply', 'Memorial Point Utility District'}
water company in Rutledge, Delaware, PA, US
{'Elite Water Damage Restoration of Folsom', 'Aqua Pennsylvania', 'Aqua America'}
water company in Marion, Turner, SD, US
{'Tm Rural Water District', 'T M Rural Water'}
water company in Fultonville, Montgomery, NY, US
{'Culligan of The Mohawk Valley', 'Johnstown City Water Department', 'Gloversville Water Department'}
water company in Pocahontas, Bond, IL, US
set()
water company in McRoberts, Letcher, KY, US
{'Letcher County Water & Sewer', 'Jenkins Water Office', 'Neon Water Co'}
water company in Stantonsburg, Wilson, NC, US
{'Toisnot Water Treatment Plant', 'Wilson County Water Department', 'Fort Knox Safes Distribution'}
water company in Glen Ellen, Sonoma, CA, US
{'Valley of the Moon Water District', 'City of Sonoma Water Department', 'Diamond A Mutual Water Co'}
water company in Wallace, Shoshone, ID, US
{'Big Wood Canal Co', 'Valley Country Store', 'Shoshone Water Plant'}
water company in Graniteville, Washington, VT, US
{'Northfield Water Department', 'Barre Septic Service', 'Barre City Water Services'}
water company in Manila, Humboldt, CA, US
{'Humboldt Bay Municipal Water', 'Humboldt Community Services District', 'Humboldt Bay Municipal Water District'}
water company in Mohall, Renville, ND, US
{'Williston Water Billing', 'Minot City Water Utility', 'Water Department'}
water company in Saint Nazianz, Manitowoc, WI, US
{'Kenosha Water Utility', 'Madison Water Utility', 'Green Bay City Water Utility'}
water company in Lake Park, Becker, MN, US
{'South St Paul Water Department', 'Minneapolis Public Works Water Treatment & Distribution Service', 'St Paul Regional Water Services'}
water company in Osmond, Pierce, NE, US
{'Ogallala Water Department', 'Norfolk Water Billing', 'Lincoln Water System'}
water company in Vernon, Shiawassee, MI, US
{'Great Lakes Water Wonderland', "Glaser's Lumber Co", 'Corunna Water Department'}
water company in Hollow Creek, Jefferson, KY, US
{'Recycling Center', 'MSD', 'Louisville Water Supply'}
water company in Loon Lake, Stevens, WA, US
{'Home Valley Water District', 'Snohomish County PUD - Water Operations Center', 'Lake Stevens Sewer District'}
water company in Loleta, Humboldt, CA, US
{'Loleta Community Services', 'Humboldt Community Services District', 'Humboldt Bay Municipal Water District'}
water company in Marne, Licking, OH, US
{'Newark Wastewater Treatment Plant', 'Newark Water Department', 'Granville Water Bills'}
water company in Seven Mile Ford, Smyth, VA, US
{'Saltville Water Department', 'Marion Water Treatment Plant', 'ServiceMaster Fire and Water Restoration by Hopkins'}
water company in Viborg, Turner, SD, US
{'Tm Rural Water District', 'T M Rural Water'}
water company in Silver Springs, Wyoming, NY, US
{'Silver Lake Sewer District', 'Country Line Electrical Distributors, Inc.', 'Village of Silver Springs Municipal Office'}
water company in West Concord, Dodge, MN, US
{'South St Paul Water Department', 'Minneapolis Public Works Water Treatment & Distribution Service', 'St Paul Regional Water Services'}
water company in Diamond City, Boone, AR, US
{'Valley Springs Water Department', 'Harrison City Water Department', 'Southwest Boone County Water'}
water company in Saint Joseph, Lawrence, TN, US
{'Greenhill Water & Fire Protect', 'Lawrence Farmers Co-Op', 'Iron City Utilities District'}
water company in Kingsbury, Guadalupe, TX, US
{'Guadalupe-Blanco River Authority', 'Tri Community Water Supply', 'Springs Hill Water Supply Corporation'}
water company in Oklahoma, Clearfield, PA, US
{'Philadelphia Water Department', 'Pennsylvania American Water Co'}
water company in Alma, Buffalo, WI, US
{'Kenosha Water Utility', 'Madison Water Utility', 'Green Bay City Water Utility'}
water company in Woods Hole, Barnstable, MA, US
{'Hyannis Water', 'Barnstable Water Department', 'Cape Cod Winwater Works Co.'}
water company in Granville, Monongalia, WV, US
{'Morgantown Utility Board', 'Morgantown Utility Board - Water Treatment Plant', 'Morgantown Waste Water Treatment'}
water company in Adair, Adair, IA, US
{'MEC - Adair Wind Farm O&M Building', 'Agri Drain Corporation', 'Helena Chemical Co'}
water company in Wilson, Ellsworth, KS, US
{'Wichita Sewer Department', 'Kansas City Water Services Department', 'KC Water Services'}
water company in Oppelo, Conway, AR, US
{'Water Department', 'Conway County Regional Water District', 'Perryville Water Department'}
water company in Rutledge, Morgan, GA, US
{'Clayton County Water Authority', 'Columbus Water Works', 'Water Utility Management'}
water company in Mertzon, Irion, TX, US
{'Irion County Water', 'Scott Salt Water Disposal'}
water company in Antonito, Conejos, CO, US
{'Conejos Water Conservancy District'}
water company in Confluence, Somerset, PA, US
{'Hooversville Water Co', 'Somerset Water Department', 'Somerset Water Sewer Administrative Department'}
water company in Mabel, Fillmore, MN, US
{'Minneapolis Public Works Water Treatment & Distribution Service', 'St Paul Regional Water Services', 'City of Windom Waste Water Department'}
water company in Walthill, Thurston, NE, US
{'Ogallala Water Department', 'Norfolk Water Billing', 'Lincoln Water System'}
water company in Wheelwright, Floyd, KY, US
{'Wheelwright Utility Commission', 'Wheelwright Utilities Plt', 'Southern Water & Sewer District'}
water company in Calhan, El Paso, CO, US
{'Colorado Centre Metropolitan District', 'Colorado Springs Utilities', 'Security Water District'}
water company in Hayes, Calcasieu, LA, US
{'Water Works District 1', 'Lake Charles Water Division', 'Water District'}
water company in Philip, Haakon, SD, US
set()
water company in Bruce, Rusk, WI, US
{'Kenosha Water Utility', 'Madison Water Utility', 'Green Bay City Water Utility'}
water company in Mount Vernon, Somerset, MD, US
{'WSSC - Equipment Shop', 'Washington Suburban Sanitary Commission'}
water company in Oxford, Furnas, NE, US
{'Ogallala Water Department', 'Norfolk Water Billing', 'Lincoln Water System'}
water company in Klamath, Del Norte, CA, US
{'Smith River Community Services District', 'Utility Divers', 'Crescent City Water Billing'}
water company in Garibaldi, Tillamook, OR, US
{'City of Tillamook', 'Tillamook Water Office', 'Wilson River Water District'}
water company in Fort Valley, Coconino, AZ, US
{'Arizona Water Co'}
water company in Andersonville, Ross, OH, US
{'Cleveland Water', 'Baldwin Water Works Plant', 'Aqua Ohio Inc'}
water company in Roulette, Potter, PA, US
{'Philadelphia Water Department', 'Pennsylvania American Water Co'}
water company in Scalp Level, Cambria, PA, US
{'Windber Area Authority', 'Highland Sewer Water Authority', 'Greater Johnstown Water Authority'}
water company in Underwood, McLean, ND, US
{'Williston Water Billing', 'Minot City Water Utility', 'Water Department'}
water company in North Hornell, Steuben, NY, US
{'North Hornell Sewer & Water', 'Village Clerk', 'Dollar Tree'}
water company in Woodsburgh, Nassau, NY, US
{'New York American Water', 'Seagirt Avenue Pump Station', 'Water Cooling Corporation'}
water company in Boswell, Benton, IN, US
{'Water Users LLC', 'Benton Utility Department', 'Benton Utilities WWTP'}
water company in Westmoreland, Pottawatomie, KS, US
{'Rural Water District 4', 'Rural Water District 1, PT County', 'Pottawatomie Rural Water District'}
water company in Merrill, Saginaw, MI, US
{'Saginaw Water Treatment Plant', 'Saginaw Water & Sewer Maintenance', 'Buena Vista Water Department'}
water company in Greenview, Menard, IL, US
{'Petersburg Water Collector', 'Greenview Police Department', 'Village Hall'}
water company in Rankin, Upton, TX, US
{'Aqua Texas', 'Fort Worth Water Department', 'El Paso Water Utilities'}
water company in Tekoa, Whitman, WA, US
{'Colfax Water Department', 'Tekoa Sanitation Department', 'Uniontown Water Department'}
water company in McLean, Gray, TX, US
{'Pampa Water Office', 'Pampa Sewer Maintenance'}
water company in Talpa, Taos, NM, US
{'Taos Public Water Department', 'Taos Pueblo Tribal Utility Services'}
water company in Hatton, Traill, ND, US
{'Traill Rural Water', 'Grand Forks Trail Water District'}
water company in Greensburg, Kiowa, KS, US
{'Greensburg Utilities Superintendent', 'Greensburg Weather Station'}